Product,Price,Rating,Category
Headphones Product 1,84209,4.0,Headphones
Headphones Product 2,95735,4.8,Headphones
Headphones Product 3,51496,3.6,Headphones
Headphones Product 4,94553,3.2,Headphones
Headphones Product 5,10372,3.6,Headphones
Headphones Product 6,11201,3.2,Headphones
Headphones Product 7,38597,4.7,Headphones
Headphones Product 8,18904,3.1,Headphones
Headphones Product 9,17241,4.3,Headphones
Headphones Product 10,44002,4.1,Headphones
Headphones Product 11,10224,4.6,Headphones
Headphones Product 12,10289,3.4,Headphones
Headphones Product 13,56552,4.7,Headphones
Headphones Product 14,97746,3.7,Headphones
Headphones Product 15,95248,4.5,Headphones
Headphones Product 16,77278,3.6,Headphones
Headphones Product 17,48475,4.8,Headphones
Headphones Product 18,54604,3.7,Headphones
Headphones Product 19,50391,3.3,Headphones
Headphones Product 20,52595,3.8,Headphones
Headphones Product 21,68638,3.2,Headphones
Headphones Product 22,37184,4.6,Headphones
Headphones Product 23,8290,3.3,Headphones
Headphones Product 24,34342,3.8,Headphones
Headphones Product 25,33289,4.9,Headphones
Headphones Product 26,63664,5.0,Headphones
Headphones Product 27,90956,3.9,Headphones
Headphones Product 28,26550,4.7,Headphones
Headphones Product 29,80537,3.5,Headphones
Headphones Product 30,82587,4.2,Headphones
Headphones Product 31,77854,4.8,Headphones
Headphones Product 32,29749,4.1,Headphones
Headphones Product 33,82349,4.2,Headphones
Headphones Product 34,13301,3.1,Headphones
Headphones Product 35,7899,3.7,Headphones
Headphones Product 36,83329,3.2,Headphones
Headphones Product 37,51558,3.6,Headphones
Headphones Product 38,83573,3.7,Headphones
Headphones Product 39,37700,4.5,Headphones
Headphones Product 40,2366,3.1,Headphones
Headphones Product 41,62214,3.9,Headphones
Headphones Product 42,9281,3.6,Headphones
Headphones Product 43,32545,4.3,Headphones
Headphones Product 44,68364,3.7,Headphones
Headphones Product 45,50435,3.1,Headphones
Headphones Product 46,29178,4.8,Headphones
Headphones Product 47,74821,4.5,Headphones
Headphones Product 48,60798,4.8,Headphones
Headphones Product 49,73599,3.8,Headphones
Headphones Product 50,36422,4.2,Headphones
